dataset,rho,metric,contrast,family,n,mean,ci_low,ci_high,p_raw,p_holm,family_size
adult,1e-05,error,gain,gain_error,12,0.3229903162300637,0.29140999122444317,0.3545706412356842,1.4976161648789207e-10,5.2416565770762225e-09,39.0
adult,1e-05,error,smoothing_cost,smoothing_cost_error,12,0.06580093240395243,0.025446321987447243,0.10615554282045762,0.004252140744579532,0.04677354819037485,39.0
adult,1e-05,error,calibration_gain,calibration_gain_error,12,0.38879124863401615,0.34942547465491547,0.42815702261311683,2.182422695359754e-10,8.07496397283109e-09,39.0
adult,1e-05,auc,gain,gain_auc,12,-0.1304050450451204,-0.2034915890547835,-0.0573185010354573,0.0023637431828729613,0.04963860684033219,39.0
adult,1e-05,auc,smoothing_cost,smoothing_cost_auc,12,-0.0009182137825655042,-0.09402079919678816,0.09218437163165716,0.9830704594564825,1.0,39.0
adult,1e-05,auc,calibration_gain,calibration_gain_auc,12,-0.1313232588276859,-0.21791925071896315,-0.04472726693640863,0.006619057722658706,0.12576209673051542,39.0
adult,0.0001,error,gain,gain_error,12,0.2739126212590597,0.2425149811845097,0.30531026133360967,8.271083937274191e-10,2.564036020554999e-08,39.0
adult,0.0001,error,smoothing_cost,smoothing_cost_error,12,0.09500803075351118,0.07346062751191051,0.11655543399511184,9.966428820832356e-07,1.8936214759581476e-05,39.0
adult,0.0001,error,calibration_gain,calibration_gain_error,12,0.3689206520125709,0.3293904544013641,0.4084508496237777,4.012925557508415e-10,1.4446532007030294e-08,39.0
adult,0.0001,auc,gain,gain_auc,12,-0.08305503577869962,-0.10809332718469045,-0.05801674437270879,1.5410406424400038e-05,0.0006010058505516015,39.0
adult,0.0001,auc,smoothing_cost,smoothing_cost_auc,12,-0.024671014182746615,-0.05311398183072723,0.0037719534652339987,0.08266631088319892,1.0,39.0
adult,0.0001,auc,calibration_gain,calibration_gain_auc,12,-0.10772604996144623,-0.1375275810810693,-0.07792451884182318,6.882961225416058e-06,0.0002684354877912263,39.0
adult,0.0003,error,gain,gain_error,12,0.140564454444598,0.11395566208262524,0.16717324680657078,1.6082444370286808e-07,3.5381377614630976e-06,39.0
adult,0.0003,error,smoothing_cost,smoothing_cost_error,12,0.12719042870779848,0.08644661099893731,0.16793424641665966,2.6890451090144477e-05,0.00043024721744231164,39.0
adult,0.0003,error,calibration_gain,calibration_gain_error,12,0.26775488315239654,0.23512712882515768,0.3003826374796354,1.5902883181114202e-09,5.406980281578829e-08,39.0
adult,0.0003,auc,gain,gain_auc,12,-0.056116592204232284,-0.0783347918098589,-0.033898392598605664,0.0001704350534798148,0.005794791818313703,39.0
adult,0.0003,auc,smoothing_cost,smoothing_cost_auc,12,-0.047005348247705546,-0.11099215292947132,0.016981456434060217,0.13419934573990228,1.0,39.0
adult,0.0003,auc,calibration_gain,calibration_gain_auc,12,-0.10312194045193783,-0.15596413269677808,-0.05027974820709757,0.0012660040902422486,0.03671411861702521,39.0
adult,0.0006,error,gain,gain_error,12,0.050286500720420534,0.024904261422696267,0.0756687400181448,0.0011353056905107038,0.011353056905107038,39.0
adult,0.0006,error,smoothing_cost,smoothing_cost_error,12,0.12717734069493067,0.10681327641075619,0.14754140497910515,2.8474406835310452e-08,7.118601708827613e-07,39.0
adult,0.0006,error,calibration_gain,calibration_gain_error,12,0.17746384141535118,0.14886314321901495,0.20606453961168741,3.046531196827174e-08,1.0053552949529675e-06,39.0
adult,0.0006,auc,gain,gain_auc,12,-0.03447019143331076,-0.05111467916200779,-0.01782570370461373,0.000819096256004383,0.023753791424127108,39.0
adult,0.0006,auc,smoothing_cost,smoothing_cost_auc,12,-0.017912094181126853,-0.03972913281057386,0.003904944448320149,0.09815548411790742,1.0,39.0
adult,0.0006,auc,calibration_gain,calibration_gain_auc,12,-0.05238228561443761,-0.0755267977342654,-0.029237773494609817,0.00041450589868023636,0.012849682859087327,39.0
adult,0.001,error,gain,gain_error,12,-0.0351585852885777,-0.06919138162451106,-0.001125788952644341,0.044013450531273965,0.26408070318764376,39.0
adult,0.001,error,smoothing_cost,smoothing_cost_error,12,0.10426607638249082,0.07775601734328441,0.13077613542169722,3.0619126886695822e-06,5.20525157073829e-05,39.0
adult,0.001,error,calibration_gain,calibration_gain_error,12,0.06910749109391316,0.027416909821773493,0.11079807236605282,0.0038313237919117794,0.052566090423205196,39.0
adult,0.001,auc,gain,gain_auc,12,-0.02791387114538323,-0.04260998687790793,-0.013217755412858533,0.0015350971362814287,0.03824283154111508,39.0
adult,0.001,auc,smoothing_cost,smoothing_cost_auc,12,-0.015279909681845014,-0.03228395018941892,0.0017241308257288871,0.07354337666222921,1.0,39.0
adult,0.001,auc,calibration_gain,calibration_gain_auc,12,-0.043193780827228245,-0.05897533763224043,-0.027412224022216058,8.623452874648225e-05,0.0031906775636198433,39.0
adult,0.0018,error,gain,gain_error,12,-0.09302638044346173,-0.12660491279435193,-0.059447848092571524,7.763395707845644e-05,0.0010868753990983901,39.0
adult,0.0018,error,smoothing_cost,smoothing_cost_error,12,0.09959952400100834,0.07731926615566657,0.12187978184635011,8.69204891024108e-07,1.7384097820482158e-05,39.0
adult,0.0018,error,calibration_gain,calibration_gain_error,12,0.006573143557546633,-0.025306232027892592,0.03845251914298586,0.6587836224064569,0.849353151358827,39.0
adult,0.0018,auc,gain,gain_auc,12,-0.010885991799409292,-0.018013385645095713,-0.0037585979537228713,0.006345163933719398,0.10465566954126125,39.0
adult,0.0018,auc,smoothing_cost,smoothing_cost_auc,12,-0.01480791814436285,-0.029035577021238053,-0.000580259267487648,0.042721317461528185,0.9398689841536201,39.0
adult,0.0018,auc,calibration_gain,calibration_gain_auc,12,-0.02569390994377214,-0.03934550211759981,-0.012042317769944473,0.0016370584459464562,0.04583763648650077,39.0
adult,0.003,error,gain,gain_error,12,-0.143702960330165,-0.17427506966495565,-0.11313085099537436,5.259045629862977e-07,1.0518091259725954e-05,39.0
adult,0.003,error,smoothing_cost,smoothing_cost_error,12,0.12354122840018018,0.09267899924419143,0.15440345755616894,2.580035757159164e-06,4.6440643628864956e-05,39.0
adult,0.003,error,calibration_gain,calibration_gain_error,12,-0.02016173192998483,-0.05948422855433945,0.01916076469436979,0.28311771711960904,0.849353151358827,39.0
adult,0.003,auc,gain,gain_auc,12,-0.0036368453799939895,-0.01042217770057954,0.0031484869405915606,0.2630048485363108,1.0,39.0
adult,0.003,auc,smoothing_cost,smoothing_cost_auc,12,-0.016809815268900786,-0.02298821091669832,-0.010631419621103252,9.077321300675127e-05,0.0031770624552362944,39.0
adult,0.003,auc,calibration_gain,calibration_gain_auc,12,-0.020446660648894777,-0.027825025493577713,-0.01306829580421184,7.745140220861903e-05,0.0029431532839275234,39.0
adult,0.01,error,gain,gain_error,12,-0.2356544282349825,-0.2541140177669224,-0.21719483870304263,1.3588076047146144e-11,5.163468897915535e-10,39.0
adult,0.01,error,smoothing_cost,smoothing_cost_error,12,0.12968272345512663,0.11420457900106921,0.14516086790918403,1.2742647129687622e-09,3.4405147250156576e-08,39.0
adult,0.01,error,calibration_gain,calibration_gain_error,12,-0.10597170477985589,-0.13195612120535147,-0.07998728835436032,2.1510849195756305e-06,6.238146266769329e-05,39.0
adult,0.01,auc,gain,gain_auc,12,0.00552845850598536,0.001965686545072613,0.009091230466898107,0.00577060453068721,0.10387088155236977,39.0
adult,0.01,auc,smoothing_cost,smoothing_cost_auc,12,-0.009949497832479975,-0.014638293753067317,-0.005260701911892634,0.0006820647813171783,0.021826073002149705,39.0
adult,0.01,auc,calibration_gain,calibration_gain_auc,12,-0.004421039326494615,-0.01035230931760554,0.0015102306646163086,0.1291422711189451,0.7748536267136706,39.0
adult,0.1,error,gain,gain_error,12,-0.41558489421782546,-0.4662633923465353,-0.3649063960891156,1.60261014447795e-09,4.80783043343385e-08,39.0
adult,0.1,error,smoothing_cost,smoothing_cost_error,12,0.23806217273969663,0.212901371387113,0.2632229740922803,3.4625644327900093e-10,9.695180411812026e-09,39.0
adult,0.1,error,calibration_gain,calibration_gain_error,12,-0.17752272147812884,-0.23209080607320073,-0.12295463688305694,1.844086235126427e-05,0.00044258069643034247,39.0
adult,0.1,auc,gain,gain_auc,12,0.04661415561300109,0.020262997635413643,0.07296531359058854,0.0025046357051972975,0.05009271410394595,39.0
adult,0.1,auc,smoothing_cost,smoothing_cost_auc,12,-0.005974391502131082,-0.008743311639415344,-0.00320547136484682,0.0006006773713877157,0.01982235325579462,39.0
adult,0.1,auc,calibration_gain,calibration_gain_auc,12,0.04063976411087001,0.01531446122696492,0.0659650669947751,0.004698768517962493,0.09397537035924985,39.0
adult,0.1778279410038923,error,gain,gain_error,12,-0.4412247692862847,-0.49531650680418765,-0.3871330317683817,1.696040522345558e-09,4.9185175148021184e-08,39.0
adult,0.1778279410038923,error,smoothing_cost,smoothing_cost_error,12,0.2722767716042985,0.24755201497251134,0.2970015282360856,6.740429195371445e-11,2.089533050565148e-09,39.0
adult,0.1778279410038923,error,calibration_gain,calibration_gain_error,12,-0.16894799768198618,-0.21599640582780083,-0.12189958953617153,7.328877103468978e-06,0.00019787968179366241,39.0
adult,0.1778279410038923,auc,gain,gain_auc,12,0.042265379731929696,0.020125506302089615,0.06440525316176977,0.0014812930746105912,0.03824283154111508,39.0
adult,0.1778279410038923,auc,smoothing_cost,smoothing_cost_auc,12,-0.0040366640801538884,-0.007199188547135896,-0.0008741396131718808,0.016988256629387334,0.4416946723640707,39.0
adult,0.1778279410038923,auc,calibration_gain,calibration_gain_auc,12,0.0382287156517758,0.016239411531795745,0.060218019771755865,0.002811634957352574,0.07029087393381435,39.0
adult,0.31622776601683794,error,gain,gain_error,12,-0.5029167174511957,-0.5687818539228195,-0.43705158097957186,3.425724849867906e-09,9.592029579630136e-08,39.0
adult,0.31622776601683794,error,smoothing_cost,smoothing_cost_error,12,0.3076332805973988,0.27651960675359927,0.33874695444119834,2.156368394066885e-10,6.253468342793967e-09,39.0
adult,0.31622776601683794,error,calibration_gain,calibration_gain_error,12,-0.1952834368537969,-0.249211233008779,-0.1413556406988148,6.767956556608003e-06,0.0001895027835850241,39.0
adult,0.31622776601683794,auc,gain,gain_auc,12,0.08267275671592472,0.05612391908677214,0.1092215943450773,2.750165449498823e-05,0.0010175612163145645,39.0
adult,0.31622776601683794,auc,smoothing_cost,smoothing_cost_auc,12,-0.008695263907594222,-0.011832773417088615,-0.005557754398099828,7.73965619237673e-05,0.0027862762292556226,39.0
adult,0.31622776601683794,auc,calibration_gain,calibration_gain_auc,12,0.0739774928083305,0.046357037113351145,0.10159794850330986,0.00010386370535059163,0.003739093392621299,39.0
adult,0.5623413251903491,error,gain,gain_error,12,-0.4465806516702751,-0.5086600318036201,-0.38450127153693014,6.442802409495302e-09,1.6107006023738255e-07,39.0
adult,0.5623413251903491,error,smoothing_cost,smoothing_cost_error,12,0.3475680108811652,0.31331093525738685,0.3818250865049435,1.632902582787962e-10,4.8987077483638864e-09,39.0
adult,0.5623413251903491,error,calibration_gain,calibration_gain_error,12,-0.09901264078910998,-0.14369629109780155,-0.054328990480418414,0.0004891610002955779,0.009309764576751095,39.0
adult,0.5623413251903491,auc,gain,gain_auc,12,0.060490628578366575,0.028774643069372413,0.09220661408736074,0.0014909759347948841,0.03824283154111508,39.0
adult,0.5623413251903491,auc,smoothing_cost,smoothing_cost_auc,12,-0.014558083730667323,-0.019183144252175998,-0.009933023209158648,2.4941857083802477e-05,0.0009228487121006917,39.0
adult,0.5623413251903491,auc,calibration_gain,calibration_gain_auc,12,0.04593254484769926,0.015403306672027585,0.07646178302337092,0.006935341639259766,0.12576209673051542,39.0
adult,1.0,error,gain,gain_error,12,-0.5002340187085407,-0.5463459060849292,-0.4541221313321522,7.927813070579719e-11,2.8540127054086985e-09,39.0
adult,1.0,error,smoothing_cost,smoothing_cost_error,12,0.3827722402647257,0.3486216443301178,0.4169228361993337,5.569217375358563e-11,1.8378417338683256e-09,39.0
adult,1.0,error,calibration_gain,calibration_gain_error,12,-0.11746177844381485,-0.16207699631438385,-0.07284656057324584,0.0001202198153118208,0.0026448359368600577,39.0
adult,1.0,auc,gain,gain_auc,12,0.07761638732537642,0.04661393104868269,0.10861884360207014,0.00018337424820099116,0.006051350190632708,39.0
adult,1.0,auc,smoothing_cost,smoothing_cost_auc,12,-0.0472652872071189,-0.06764566608219325,-0.026884908332044558,0.0003416746591301756,0.011616938410425971,39.0
adult,1.0,auc,calibration_gain,calibration_gain_auc,12,0.030351100118257507,-0.004667447089823369,0.06536964732633838,0.08287322904975164,0.6629858323980131,39.0
bank,1e-05,error,gain,gain_error,12,0.3001346071662245,0.28294140749496166,0.3173278068374873,4.4909279862672075e-13,1.751461914644211e-11,39.0
bank,1e-05,error,smoothing_cost,smoothing_cost_error,12,0.0730309967251373,0.044402679194568154,0.10165931425570644,0.0001568311616934292,0.002195636263708009,39.0
bank,1e-05,error,calibration_gain,calibration_gain_error,12,0.3731656038913617,0.34181963413951355,0.4045115736432099,2.8992783977998204e-11,1.1017257911639318e-09,39.0
bank,1e-05,auc,gain,gain_auc,12,-0.00831344727570874,-0.045574107516580996,0.02894721296516351,0.633023927148065,1.0,39.0
bank,1e-05,auc,smoothing_cost,smoothing_cost_auc,12,0.00035351018509422366,-0.02187831575667227,0.022585336126860714,0.9727083117763337,1.0,39.0
bank,1e-05,auc,calibration_gain,calibration_gain_auc,12,-0.007959937090614516,-0.031732328428208376,0.01581245424697934,0.47656168398425125,1.0,39.0
bank,0.0001,error,gain,gain_error,12,0.21378091350008296,0.1844868238145759,0.24307500318559003,5.534789686830795e-09,1.4390453185760067e-07,39.0
bank,0.0001,error,smoothing_cost,smoothing_cost_error,12,0.1401812578329463,0.11652769194201565,0.16383482372387695,4.913136200549172e-08,1.1791526881318013e-06,39.0
bank,0.0001,error,calibration_gain,calibration_gain_error,12,0.3539621713330292,0.32654971196983074,0.3813746306962277,1.2004211318527634e-11,4.681642414225777e-10,39.0
bank,0.0001,auc,gain,gain_auc,12,-0.023990180864483193,-0.046373617411679925,-0.0016067443172864612,0.03788217567126535,0.3788217567126535,39.0
bank,0.0001,auc,smoothing_cost,smoothing_cost_auc,12,-0.001712272420050338,-0.024795098726201368,0.02137055388610069,0.8732683983943771,1.0,39.0
bank,0.0001,auc,calibration_gain,calibration_gain_auc,12,-0.025702453284533532,-0.05140602126299479,1.1146939277242862e-06,0.05000833698435801,0.5000833698435801,39.0
bank,0.0003,error,gain,gain_error,12,0.09529944388961085,0.06490022247508362,0.1256986653041381,2.5877849945196397e-05,0.00042506075147626213,39.0
bank,0.0003,error,smoothing_cost,smoothing_cost_error,12,0.14452298149005668,0.11544972942855239,0.17359623355156098,2.988551373721974e-07,6.275957884816146e-06,39.0
bank,0.0003,error,calibration_gain,calibration_gain_error,12,0.23982242537966755,0.21377192836303502,0.26587292239630006,4.6466768024952613e-10,1.6263368808733416e-08,39.0
bank,0.0003,auc,gain,gain_auc,12,-0.042460905549512123,-0.057565839807738335,-0.027355971291285912,6.839222564766533e-05,0.0023937278976682865,39.0
bank,0.0003,auc,smoothing_cost,smoothing_cost_auc,12,-0.01899736983214036,-0.04604501351838147,0.008050273854100756,0.15039771005069816,1.0,39.0
bank,0.0003,auc,calibration_gain,calibration_gain_auc,12,-0.06145827538165249,-0.08807081501599645,-0.034845735747308516,0.0003533755637961074,0.011308018041475437,39.0
bank,0.0006,error,gain,gain_error,12,-0.008118722843866324,-0.03956560612189375,0.023328160434161097,0.5812901693517962,1.0,39.0
bank,0.0006,error,smoothing_cost,smoothing_cost_error,12,0.17043791353348817,0.14128285844343963,0.1995929686235367,5.662348944445884e-08,1.3023402572225533e-06,39.0
bank,0.0006,error,calibration_gain,calibration_gain_error,12,0.16231919068962186,0.13022621445167898,0.19441216692756474,2.506723034775154e-07,8.021513711280493e-06,39.0
bank,0.0006,auc,gain,gain_auc,12,-0.029326302586095015,-0.05152432064871952,-0.007128284523470505,0.014245707263790885,0.21368560895686328,39.0
bank,0.0006,auc,smoothing_cost,smoothing_cost_auc,12,0.004590374832458,-0.019423262980383608,0.028604012645299607,0.6820519459454989,1.0,39.0
bank,0.0006,auc,calibration_gain,calibration_gain_auc,12,-0.024735927753637015,-0.04139045576350864,-0.008081399743765389,0.0074786448028316506,0.12576209673051542,39.0
bank,0.001,error,gain,gain_error,12,-0.07166008353606838,-0.09962984686228876,-0.04369032020984801,0.000151256683467799,0.001966336885081387,39.0
bank,0.001,error,smoothing_cost,smoothing_cost_error,12,0.1969293338655129,0.16626929190338555,0.22758937582764024,2.1231247821570193e-08,5.52012443360825e-07,39.0
bank,0.001,error,calibration_gain,calibration_gain_error,12,0.1252692503294445,0.09011544330214119,0.1604230573567478,7.881694531329095e-06,0.00020492405781455646,39.0
bank,0.001,auc,gain,gain_auc,12,-0.03932167039727526,-0.06427666605546087,-0.014366674739089647,0.005257548281394644,0.09989341734649823,39.0
bank,0.001,auc,smoothing_cost,smoothing_cost_auc,12,-0.005420775564138641,-0.033906769104755895,0.023065217976478612,0.6833953279886334,1.0,39.0
bank,0.001,auc,calibration_gain,calibration_gain_auc,12,-0.04474244596141389,-0.06625168844665981,-0.02323320347616797,0.0007924391111909845,0.023773173335729536,39.0
bank,0.0018,error,gain,gain_error,12,-0.1323633438847727,-0.16002049767053433,-0.10470619009901105,4.3870767689425607e-07,9.212861214779378e-06,39.0
bank,0.0018,error,smoothing_cost,smoothing_cost_error,12,0.22833373937944632,0.18881157668812712,0.2678559020707655,6.398378259269771e-08,1.4076432170393498e-06,39.0
bank,0.0018,error,calibration_gain,calibration_gain_error,12,0.09597039549467364,0.06763091228452976,0.12430987870481751,1.271625214157806e-05,0.0003179063035394515,39.0
bank,0.0018,auc,gain,gain_auc,12,-0.028096927959205164,-0.05200089749982593,-0.0041929584185844,0.025270464194588296,0.32851603452964784,39.0
bank,0.0018,auc,smoothing_cost,smoothing_cost_auc,12,-0.011915200957687283,-0.03768797790691103,0.013857575991536463,0.33074891396769407,1.0,39.0
bank,0.0018,auc,calibration_gain,calibration_gain_auc,12,-0.040012128916892445,-0.06377940101711913,-0.01624485681666577,0.003469119195330393,0.08325886068792943,39.0
bank,0.003,error,gain,gain_error,12,-0.15673176939345346,-0.18101559076325985,-0.13244794802364707,2.0181755723133232e-08,4.641803816320643e-07,39.0
bank,0.003,error,smoothing_cost,smoothing_cost_error,12,0.21837666435709943,0.1987406725867448,0.23801265612745406,6.059751626206712e-11,1.939120520386148e-09,39.0
bank,0.003,error,calibration_gain,calibration_gain_error,12,0.061644894963645974,0.048642409313961577,0.07464738061333037,4.823680406793935e-07,1.4953409261061198e-05,39.0
bank,0.003,auc,gain,gain_auc,12,-0.012283211393132773,-0.030804297709181472,0.006237874922915927,0.17233490128366874,1.0,39.0
bank,0.003,auc,smoothing_cost,smoothing_cost_auc,12,-0.0236493460683015,-0.04696112727335151,-0.0003375648632514862,0.04728926326521521,0.9930745285695194,39.0
bank,0.003,auc,calibration_gain,calibration_gain_auc,12,-0.03593255746143428,-0.05792662639826897,-0.013938488524599585,0.00420046626848164,0.08820979163811443,39.0
bank,0.01,error,gain,gain_error,12,-0.25457313394453346,-0.2905691361428336,-0.21857713174623333,7.712620685893992e-09,1.8510289646145583e-07,39.0
bank,0.01,error,smoothing_cost,smoothing_cost_error,12,0.2712018381793928,0.2545007531950432,0.28790292316374244,9.892927603138977e-13,3.660383213161421e-11,39.0
bank,0.01,error,calibration_gain,calibration_gain_error,12,0.016628704234859387,-0.018889851774343044,0.05214726024406181,0.3249310577258208,0.849353151358827,39.0
bank,0.01,auc,gain,gain_auc,12,0.011303714549847133,-0.012091125454237048,0.03469855455393131,0.310365259339,1.0,39.0
bank,0.01,auc,smoothing_cost,smoothing_cost_auc,12,-0.0167837044016447,-0.047463171139505086,0.013895762336215686,0.2538268655144645,1.0,39.0
bank,0.01,auc,calibration_gain,calibration_gain_auc,12,-0.005479989851797568,-0.04010909583714902,0.029149116133553886,0.7341881065432532,1.0,39.0
bank,0.1,error,gain,gain_error,12,-0.40645623758823585,-0.44813744151032736,-0.36477503366614433,2.502719368472134e-10,8.00870197911083e-09,39.0
bank,0.1,error,smoothing_cost,smoothing_cost_error,12,0.34030496150913225,0.3232824509899079,0.35732747202835663,1.0197057922893596e-13,3.976852589928503e-12,39.0
bank,0.1,error,calibration_gain,calibration_gain_error,12,-0.06615127607910357,-0.10731831642205886,-0.024984235736148275,0.004659154868887431,0.055909858426649174,39.0
bank,0.1,auc,gain,gain_auc,12,0.049679638176338047,0.029818734823397027,0.06954054152927906,0.0001847015988607414,0.006051350190632708,39.0
bank,0.1,auc,smoothing_cost,smoothing_cost_auc,12,-0.005026970465653341,-0.02481303953722924,0.014759098605922557,0.5872324450046243,1.0,39.0
bank,0.1,auc,calibration_gain,calibration_gain_auc,12,0.04465266771068469,0.012209363698273405,0.07709597172309599,0.011464045144523621,0.14903258687880708,39.0
bank,0.1778279410038923,error,gain,gain_error,12,-0.42825322489886286,-0.47085873572908615,-0.38564771406863957,1.8057784288466392e-10,5.959068815193909e-09,39.0
bank,0.1778279410038923,error,smoothing_cost,smoothing_cost_error,12,0.33344848412330896,0.30689501893020993,0.360001949316408,1.6246155715136687e-11,5.523692943146474e-10,39.0
bank,0.1778279410038923,error,calibration_gain,calibration_gain_error,12,-0.09480474077555386,-0.14397257141481537,-0.045636910136292334,0.0013797804485922351,0.022076487177475762,39.0
bank,0.1778279410038923,auc,gain,gain_auc,12,0.04718964433549198,0.022156915583721903,0.07222237308726205,0.0016188711357912158,0.03824283154111508,39.0
bank,0.1778279410038923,auc,smoothing_cost,smoothing_cost_auc,12,-0.0036284854360274232,-0.02183257632211268,0.014575605450057833,0.6693666761723653,1.0,39.0
bank,0.1778279410038923,auc,calibration_gain,calibration_gain_auc,12,0.043561158899464554,0.017456918883156886,0.06966539891577223,0.003671201461858978,0.08325886068792943,39.0
bank,0.31622776601683794,error,gain,gain_error,12,-0.4261471126665653,-0.46030711260789026,-0.39198711272524034,1.7452561808569792e-11,6.457447869170823e-10,39.0
bank,0.31622776601683794,error,smoothing_cost,smoothing_cost_error,12,0.3314333830955804,0.31292001911159784,0.34994674707956297,3.4093486008584135e-13,1.2955524683261971e-11,39.0
bank,0.31622776601683794,error,calibration_gain,calibration_gain_error,12,-0.09471372957098494,-0.13121435624211567,-0.0582131028998542,0.00013591766524293045,0.0028542709701015394,39.0
bank,0.31622776601683794,auc,gain,gain_auc,12,0.06719044135605552,0.03543139887071995,0.0989494838413911,0.0006977011778659115,0.020931035335977344,39.0
bank,0.31622776601683794,auc,smoothing_cost,smoothing_cost_auc,12,-0.012294959555152066,-0.023137644649533683,-0.0014522744607704512,0.02972818024143926,0.683748145553103,39.0
bank,0.31622776601683794,auc,calibration_gain,calibration_gain_auc,12,0.05489548180090346,0.02471882478916946,0.08507213881263745,0.002072352541960459,0.05388116609097194,39.0
bank,0.5623413251903491,error,gain,gain_error,12,-0.45552457774084004,-0.5001859928596615,-0.41086316262201866,1.5426647915837853e-10,5.24506029138487e-09,39.0
bank,0.5623413251903491,error,smoothing_cost,smoothing_cost_error,12,0.36656844526383203,0.3377326057202574,0.3954042848074067,1.4224707338043882e-11,4.978647568315358e-10,39.0
bank,0.5623413251903491,error,calibration_gain,calibration_gain_error,12,-0.08895613247700807,-0.13265908062371767,-0.045253184330298464,0.0009313340185636275,0.015832678315581668,39.0
bank,0.5623413251903491,auc,gain,gain_auc,12,0.04983532844941224,0.024512268555554027,0.07515838834327046,0.0011915755780264742,0.0321725406067148,39.0
bank,0.5623413251903491,auc,smoothing_cost,smoothing_cost_auc,12,-0.0021237441500860563,-0.021581451188315337,0.017333962888143227,0.8145699885241434,1.0,39.0
bank,0.5623413251903491,auc,calibration_gain,calibration_gain_auc,12,0.04771158429932618,0.01559364702414532,0.07982952157450704,0.007470617428550619,0.12576209673051542,39.0
bank,1.0,error,gain,gain_error,12,-0.4559833810509509,-0.5157135880759757,-0.3962531740259261,3.432892631938426e-09,9.592029579630136e-08,39.0
bank,1.0,error,smoothing_cost,smoothing_cost_error,12,0.37157375194095804,0.3483574738485592,0.3947900300333569,1.1588353643165095e-12,4.1718073115394343e-11,39.0
bank,1.0,error,calibration_gain,calibration_gain_error,12,-0.08440962910999301,-0.1350244714529025,-0.03379478676708352,0.003686083931609155,0.052566090423205196,39.0
bank,1.0,auc,gain,gain_auc,12,0.042407708372543186,0.007887857640913279,0.0769275591041731,0.02051274389215426,0.28717841449015963,39.0
bank,1.0,auc,smoothing_cost,smoothing_cost_auc,12,-0.025394594227756112,-0.04715721445200098,-0.0036319740035112395,0.026129009647640547,0.6343047163218368,39.0
bank,1.0,auc,calibration_gain,calibration_gain_auc,12,0.01701311414478708,-0.020093842762932614,0.054120071052506775,0.3345966400253618,1.0,39.0
xor3,1e-05,error,gain,gain_error,12,0.0439453125,-0.049239164973121294,0.1371297899731213,0.3215612829759941,1.0,39.0
xor3,1e-05,error,smoothing_cost,smoothing_cost_error,12,-0.0016364583333333127,-0.08298668856646682,0.0797137718998002,0.9654783365207519,1.0,39.0
xor3,1e-05,error,calibration_gain,calibration_gain_error,12,0.04230885416666669,-0.006409207601801727,0.0910269159351351,0.08234086964155347,0.41170434820776736,39.0
xor3,1e-05,auc,gain,gain_auc,12,-0.010602595875659418,-0.06056253880706628,0.03935734705574744,0.6495461334061314,1.0,39.0
xor3,1e-05,auc,smoothing_cost,smoothing_cost_auc,12,-0.011402994584533732,-0.07114946197712292,0.04834347280805546,0.6825209465752531,1.0,39.0
xor3,1e-05,auc,calibration_gain,calibration_gain_auc,12,-0.02200559046019315,-0.04987123454152354,0.005860053621137243,0.11006322753650333,0.7704425927555233,39.0
xor3,0.0001,error,gain,gain_error,12,0.11222239583333334,0.03659250116204671,0.18785229050461996,0.007519719460841402,0.06767747514757262,39.0
xor3,0.0001,error,smoothing_cost,smoothing_cost_error,12,-0.034516145833333324,-0.10343337936722499,0.03440108770055835,0.2938520815765491,1.0,39.0
xor3,0.0001,error,calibration_gain,calibration_gain_error,12,0.07770625,0.013790472042257654,0.14162202795774237,0.021566714024327374,0.21566714024327374,39.0
xor3,0.0001,auc,gain,gain_auc,12,-0.043504649901211466,-0.08127905808581723,-0.005730241716605709,0.02773219189111584,0.32851603452964784,39.0
xor3,0.0001,auc,smoothing_cost,smoothing_cost_auc,12,-0.003662700620268087,-0.043604847463109386,0.03627944622257322,0.8437331742265367,1.0,39.0
xor3,0.0001,auc,calibration_gain,calibration_gain_auc,12,-0.04716735052147955,-0.08154707173673421,-0.012787629306224887,0.01166305869451157,0.14903258687880708,39.0
xor3,0.0003,error,gain,gain_error,12,0.024748437499999987,-0.02275274523397747,0.07224962023397745,0.2758257220593624,1.0,39.0
xor3,0.0003,error,smoothing_cost,smoothing_cost_error,12,0.05846822916666667,-0.010091435362174835,0.12702789369550818,0.08727493845347004,0.6109245691742903,39.0
xor3,0.0003,error,calibration_gain,calibration_gain_error,12,0.08321666666666666,0.033708191039617585,0.13272514229371574,0.00350440602821368,0.052566090423205196,39.0
xor3,0.0003,auc,gain,gain_auc,12,-0.01172516607463936,-0.03980323955896169,0.016352907409682964,0.37775071445045305,1.0,39.0
xor3,0.0003,auc,smoothing_cost,smoothing_cost_auc,12,-0.04221039316258826,-0.07815296101587389,-0.00626782530930263,0.025372188652873474,0.6343047163218368,39.0
xor3,0.0003,auc,calibration_gain,calibration_gain_auc,12,-0.05393555923722762,-0.08611078776383521,-0.021760330710620036,0.003566096618506465,0.08325886068792943,39.0
xor3,0.0006,error,gain,gain_error,12,0.02071666666666668,-0.043854377543162404,0.08528771087649575,0.49477749323352366,1.0,39.0
xor3,0.0006,error,smoothing_cost,smoothing_cost_error,12,0.03728281249999999,-0.02069904622386949,0.09526467122386947,0.18467673877671345,1.0,39.0
xor3,0.0006,error,calibration_gain,calibration_gain_error,12,0.05799947916666667,0.003776190070873181,0.11222276826246017,0.03819866661985636,0.3205399503550277,39.0
xor3,0.0006,auc,gain,gain_auc,12,0.010614545682926477,-0.023632579203382673,0.04486167056923562,0.5092393596323578,1.0,39.0
xor3,0.0006,auc,smoothing_cost,smoothing_cost_auc,12,-0.05152151344657344,-0.08435278573255148,-0.018690241160595415,0.0053902143929915,0.1563162173967535,39.0
xor3,0.0006,auc,calibration_gain,calibration_gain_auc,12,-0.04090696776364697,-0.07796943591935196,-0.0038444996079419827,0.03345152300109883,0.36796675301208714,39.0
xor3,0.001,error,gain,gain_error,12,0.06398125,0.013945123114832855,0.11401737688516715,0.016835416339120068,0.11784791437384047,39.0
xor3,0.001,error,smoothing_cost,smoothing_cost_error,12,0.03415833333333334,-0.01993388461606945,0.08825055128273612,0.1920494847373464,1.0,39.0
xor3,0.001,error,calibration_gain,calibration_gain_error,12,0.09813958333333334,0.05333211264360876,0.1429470540230579,0.0005352715731089492,0.009634888315961087,39.0
xor3,0.001,auc,gain,gain_auc,12,-0.004531808710406167,-0.027077487305809497,0.018013869884997164,0.666765093689374,1.0,39.0
xor3,0.001,auc,smoothing_cost,smoothing_cost_auc,12,-0.043853382722877414,-0.07642568974595393,-0.011281075699800892,0.012899568894077625,0.34828836014009584,39.0
xor3,0.001,auc,calibration_gain,calibration_gain_auc,12,-0.04838519143328358,-0.08058866798456829,-0.016181714881998863,0.006991326038056045,0.12576209673051542,39.0
xor3,0.003,error,gain,gain_error,12,0.10603854166666665,0.06330885689239213,0.14876822644094118,0.00019722773918284513,0.0023667328701941414,39.0
xor3,0.003,error,smoothing_cost,smoothing_cost_error,12,0.024238541666666658,-0.0342543991126949,0.08273148244602821,0.3812946685320008,1.0,39.0
xor3,0.003,error,calibration_gain,calibration_gain_error,12,0.1302770833333333,0.08234561973410628,0.1782085469325603,9.156808336134307e-05,0.0021060659173108907,39.0
xor3,0.003,auc,gain,gain_auc,12,-0.028482883908839452,-0.04338821739985002,-0.013577550417828882,0.001470878136196734,0.03824283154111508,39.0
xor3,0.003,auc,smoothing_cost,smoothing_cost_auc,12,-0.04641236330152438,-0.07742797429850992,-0.015396752304538845,0.007158874972412679,0.200448499227555,39.0
xor3,0.003,auc,calibration_gain,calibration_gain_auc,12,-0.07489524721036384,-0.10477743751792162,-0.04501305690280604,0.00018168555319534902,0.006177308808641866,39.0
xor3,0.01,error,gain,gain_error,12,0.08902239583333332,0.06208888669630259,0.11595590497036407,1.59295726585909e-05,0.0002867323078546362,39.0
xor3,0.01,error,smoothing_cost,smoothing_cost_error,12,-0.01094322916666667,-0.03286983448595868,0.010983376152625337,0.29545780575226,1.0,39.0
xor3,0.01,error,calibration_gain,calibration_gain_error,12,0.07807916666666666,0.05928473686916112,0.09687359646417219,1.7946756632245498e-06,5.384026989673649e-05,39.0
xor3,0.01,auc,gain,gain_auc,12,-0.009979191884258434,-0.019527177356270454,-0.00043120641224641404,0.042003384153357616,0.3788217567126535,39.0
xor3,0.01,auc,smoothing_cost,smoothing_cost_auc,12,-0.020752145487466938,-0.03339193474713893,-0.008112356227794945,0.004071798582826528,0.12622575606762237,39.0
xor3,0.01,auc,calibration_gain,calibration_gain_auc,12,-0.03073133737172537,-0.04367450087179394,-0.0177881738716568,0.0002829306070309712,0.00933671003202205,39.0
xor3,0.03,error,gain,gain_error,12,0.08122968750000001,0.05766487392819389,0.10479450107180613,1.0773699479237091e-05,0.00020470029010550474,39.0
xor3,0.03,error,smoothing_cost,smoothing_cost_error,12,-0.03511041666666666,-0.05580427184018148,-0.014416561493151837,0.0032985820378746344,0.03958298445449561,39.0
xor3,0.03,error,calibration_gain,calibration_gain_error,12,0.046119270833333344,0.025438113775808412,0.06680042789085827,0.00046548822883755477,0.009309764576751095,39.0
xor3,0.03,auc,gain,gain_auc,12,-0.009866982521414483,-0.01629454024645322,-0.0034394247963757457,0.006156215855368309,0.10465566954126125,39.0
xor3,0.03,auc,smoothing_cost,smoothing_cost_auc,12,-0.007605933655553149,-0.017349346716051102,0.0021374794049448063,0.11375230576609191,1.0,39.0
xor3,0.03,auc,calibration_gain,calibration_gain_auc,12,-0.01747291617696763,-0.02414171896735398,-0.010804113386581276,0.00012524064957558428,0.004383422735145449,39.0
xor3,0.06,error,gain,gain_error,12,0.057768229166666664,0.032817631382172516,0.08271882695116081,0.00034623188147202245,0.003808550696192247,39.0
xor3,0.06,error,smoothing_cost,smoothing_cost_error,12,-0.03720677083333334,-0.06963690191302296,-0.004776639753643709,0.028214899388347384,0.22571919510677907,39.0
xor3,0.06,error,calibration_gain,calibration_gain_error,12,0.020561458333333327,0.006418215173669445,0.03470470149299721,0.008457775138114191,0.0930355265192561,39.0
xor3,0.06,auc,gain,gain_auc,12,-0.011451940495897142,-0.01720849658119323,-0.005695384410601055,0.0011017049496337991,0.030847738589746376,39.0
xor3,0.06,auc,smoothing_cost,smoothing_cost_auc,12,0.0025317955566554473,-0.005637604708225873,0.010701195821536768,0.5092764647974631,1.0,39.0
xor3,0.06,auc,calibration_gain,calibration_gain_auc,12,-0.008920144939241694,-0.014878986107741344,-0.002961303770742044,0.0071437836761087045,0.12576209673051542,39.0
xor3,0.1,error,gain,gain_error,12,0.0496859375,0.0338965743855071,0.0654753006144929,2.5003573616250715e-05,0.00042506075147626213,39.0
xor3,0.1,error,smoothing_cost,smoothing_cost_error,12,-0.038438020833333336,-0.05832487286580669,-0.01855116880085998,0.0013562726147399189,0.017631543991618946,39.0
xor3,0.1,error,calibration_gain,calibration_gain_error,12,0.011247916666666672,-0.005104043920919782,0.027599877254253127,0.1582225788990941,0.6328903155963764,39.0
xor3,0.1,auc,gain,gain_auc,12,-0.004682066703088859,-0.00870096620456327,-0.0006631672016144475,0.026322156644744993,0.32851603452964784,39.0
xor3,0.1,auc,smoothing_cost,smoothing_cost_auc,12,8.914421703322868e-05,-0.0037620602765313827,0.00394034871059784,0.9602815759248798,1.0,39.0
xor3,0.1,auc,calibration_gain,calibration_gain_auc,12,-0.00459292248605563,-0.007082566047845056,-0.002103278924266203,0.0018819153528642483,0.050811714527334705,39.0
xor3,0.18,error,gain,gain_error,12,0.022203125,0.00667525026516049,0.03773099973483951,0.00928903938845553,0.07431231510764424,39.0
xor3,0.18,error,smoothing_cost,smoothing_cost_error,12,-0.035461458333333334,-0.059627435880034024,-0.011295480786632648,0.008018744625262504,0.08018744625262504,39.0
xor3,0.18,error,calibration_gain,calibration_gain_error,12,-0.013258333333333329,-0.026056399686638844,-0.0004602669800278132,0.043525378012267676,0.3205399503550277,39.0
xor3,0.18,auc,gain,gain_auc,12,-0.0058646988106764815,-0.008323372026873783,-0.003406025594479179,0.00027257249590254267,0.008449747372978822,39.0
xor3,0.18,auc,smoothing_cost,smoothing_cost_auc,12,0.004640597697450344,0.0017167225046878032,0.007564472890212884,0.005029519368092227,0.1508855810427668,39.0
xor3,0.18,auc,calibration_gain,calibration_gain_auc,12,-0.0012241011132261375,-0.003421484719400289,0.0009732824929480144,0.24575891671277258,1.0,39.0
xor3,0.3,error,gain,gain_error,12,-0.003160416666666669,-0.030864498725606877,0.02454366539227354,0.8063782846503693,1.0,39.0
xor3,0.3,error,smoothing_cost,smoothing_cost_error,12,-0.02490312500000001,-0.04236626428934811,-0.0074399857106519085,0.009430375344312328,0.08487337809881096,39.0
xor3,0.3,error,calibration_gain,calibration_gain_error,12,-0.028063541666666674,-0.05386567188097577,-0.0022614114523575764,0.035615550039447524,0.3205399503550277,39.0
xor3,0.3,auc,gain,gain_auc,12,-0.005051030772448876,-0.006601450825201539,-0.0035006107196962136,1.8201897030816036e-05,0.0006916720871710094,39.0
xor3,0.3,auc,smoothing_cost,smoothing_cost_auc,12,0.004752260740326521,0.0033324062902556585,0.006172115190397383,1.4180656562311546e-05,0.0005530456059301503,39.0
xor3,0.3,auc,calibration_gain,calibration_gain_auc,12,-0.0002987700321223548,-0.0009306088235624074,0.0003330687593176978,0.3203251096459132,1.0,39.0
xor3,1.0,error,gain,gain_error,12,-0.11781927083333331,-0.15790492744059945,-0.07773361422606717,4.619233581011959e-05,0.0006928850371517939,39.0
xor3,1.0,error,smoothing_cost,smoothing_cost_error,12,0.07700833333333333,0.05202280340049306,0.1019938632661736,3.018594980710957e-05,0.00045278924710664357,39.0
xor3,1.0,error,calibration_gain,calibration_gain_error,12,-0.040810937499999984,-0.0820601360267221,0.0004382610267221268,0.052082619493167066,0.3205399503550277,39.0
xor3,1.0,auc,gain,gain_auc,12,-0.006601870729335786,-0.008885074963675969,-0.004318666494995604,5.339187280626652e-05,0.0019221074210255948,39.0
xor3,1.0,auc,smoothing_cost,smoothing_cost_auc,12,0.0068859686904367,0.0047911931683145515,0.008980744212558848,1.675664113108442e-05,0.000636752362981208,39.0
xor3,1.0,auc,calibration_gain,calibration_gain_auc,12,0.0002840979611009135,-1.7835110108839697e-05,0.0005860310323106667,0.0626675413568901,0.5640078722120109,39.0
adult,0.0001,error,sampling_gain,sampling_gain,12,0.15746989037259687,0.08502727847306189,0.22991250227213184,0.0005674563081550266,0.002837281540775133,9.0
adult,0.0001,error,selection_interaction,selection_interaction,12,-0.11644273088646279,-0.19418398752046007,-0.03870147425246549,0.007119702450416174,0.015168290612305452,9.0
adult,0.001,error,sampling_gain,sampling_gain,12,-0.09725120339339823,-0.13283848837575535,-0.061663918411041095,8.739227869068836e-05,0.0005243536721441301,9.0
adult,0.001,error,selection_interaction,selection_interaction,12,-0.062092618104820536,-0.09949089335418776,-0.024694342855453306,0.003792072653076363,0.015168290612305452,9.0
adult,0.01,error,sampling_gain,sampling_gain,12,-0.18336414994536065,-0.21028441789792796,-0.15644388199279335,1.1462822976766288e-08,8.023976083736401e-08,9.0
adult,0.01,error,selection_interaction,selection_interaction,12,0.052290278289621885,0.02550150109484764,0.07907905548439613,0.001263956276772257,0.006319781383861285,9.0
bank,0.0001,error,sampling_gain,sampling_gain,12,0.012951045957508603,-0.027760903941202446,0.05366299585621965,0.4983657187379245,1.0,9.0
bank,0.0001,error,selection_interaction,selection_interaction,12,-0.20082986754257434,-0.24401300860392147,-0.1576467264812272,5.852894552381949e-07,5.267605097143754e-06,9.0
bank,0.001,error,sampling_gain,sampling_gain,12,-0.2384508714440727,-0.2622816507347333,-0.2146200921534121,1.8964348832037108e-10,1.7067913948833398e-09,9.0
bank,0.001,error,selection_interaction,selection_interaction,12,-0.1667907879080043,-0.207281320183643,-0.1263002556323656,1.950544768755527e-06,1.5604358150044217e-05,9.0
bank,0.01,error,sampling_gain,sampling_gain,12,-0.3580990720838401,-0.40246493079888734,-0.3137332133687929,1.8976154128224882e-09,1.5180923302579906e-08,9.0
bank,0.01,error,selection_interaction,selection_interaction,12,-0.10352593813930666,-0.14789696015710782,-0.05915491612150551,0.00032560379165458465,0.001953622749927508,9.0
xor3,0.03,error,sampling_gain,sampling_gain,12,0.01141979166666665,-0.020948605335645507,0.04378818866897881,0.45381447584476947,1.0,9.0
xor3,0.03,error,selection_interaction,selection_interaction,12,-0.06980989583333334,-0.11368096732076402,-0.025938824345902674,0.00495003524552466,0.015168290612305452,9.0
xor3,0.18,error,sampling_gain,sampling_gain,12,-0.0005984375000000127,-0.02598892820758618,0.02479205320758615,0.9595577250709157,1.0,9.0
xor3,0.18,error,selection_interaction,selection_interaction,12,-0.02280156250000001,-0.050937114394225394,0.005333989394225375,0.10204765170683898,0.10204765170683898,9.0
xor3,1.0,error,sampling_gain,sampling_gain,12,0.013485416666666666,-0.013637056163996943,0.040607889497330275,0.29719000587893407,1.0,9.0
xor3,1.0,error,selection_interaction,selection_interaction,12,0.1313046875,0.08988523907106036,0.17272413592893962,2.3376301411484047e-05,0.00016363410988038833,9.0
adult,0.0,error,noisefree_soft_penalty,noisefree,12,0.5023540028765637,0.44124423226665493,0.5634637734864725,1.5612938015852216e-09,4.683881404755665e-09,3.0
bank,0.0,error,noisefree_soft_penalty,noisefree,12,0.45126521880989895,0.3889673606972616,0.5135630769225362,5.9879976058043715e-09,1.1975995211608743e-08,3.0
xor3,0.0,error,noisefree_soft_penalty,noisefree,12,-0.008439062499999999,-0.052958231989141874,0.03608010698914188,0.684544788957679,0.684544788957679,3.0
