N,seed,tau,theta_steps,exact_sensitivity,soft_exact_sensitivity,hard_exact_sensitivity,analytic_bound,analytic_ms,exact_ms,soft_exact_ms,hard_exact_ms,distance_evaluations,benchmark_scope
64,0,0.04,1,0.2046940927041787,0.2046940927041787,1.4142135623730951,0.27697284709505965,0.0002,0.5786,0.5786,0.1153,4096,N-by-N candidate distances plus full adjacent-edge scan; Hard winner indices or Soft probability vectors
64,1,0.04,1,0.14068245007193642,0.14068245007193642,1.4142135623730951,0.27697284709505965,0.0002,0.2261,0.2261,0.1222,4096,N-by-N candidate distances plus full adjacent-edge scan; Hard winner indices or Soft probability vectors
64,2,0.04,1,0.13575010108105134,0.13575010108105134,1.4142135623730951,0.27697284709505965,0.0002,0.1961,0.1961,0.0886,4096,N-by-N candidate distances plus full adjacent-edge scan; Hard winner indices or Soft probability vectors
64,3,0.04,1,0.20403586755955344,0.20403586755955344,1.4142135623730951,0.27697284709505965,0.0002,0.1375,0.1375,0.0879,4096,N-by-N candidate distances plus full adjacent-edge scan; Hard winner indices or Soft probability vectors
64,4,0.04,1,0.20074229961804235,0.20074229961804235,1.4142135623730951,0.27697284709505965,0.0002,0.1635,0.1635,0.0827,4096,N-by-N candidate distances plus full adjacent-edge scan; Hard winner indices or Soft probability vectors
128,0,0.04,1,0.0737250897622783,0.0737250897622783,1.4142135623730951,0.1387465008839822,0.0002,0.7585,0.7585,0.1769,16384,N-by-N candidate distances plus full adjacent-edge scan; Hard winner indices or Soft probability vectors
128,1,0.04,1,0.06600595673453398,0.06600595673453398,1.4142135623730951,0.1387465008839822,0.0002,0.2785,0.2785,0.1268,16384,N-by-N candidate distances plus full adjacent-edge scan; Hard winner indices or Soft probability vectors
128,2,0.04,1,0.06971208982053834,0.06971208982053834,1.4142135623730951,0.1387465008839822,0.0002,0.3459,0.3459,0.1247,16384,N-by-N candidate distances plus full adjacent-edge scan; Hard winner indices or Soft probability vectors
128,3,0.04,1,0.05391668133501966,0.05391668133501966,1.4142135623730951,0.1387465008839822,0.0002,0.2706,0.2706,0.1195,16384,N-by-N candidate distances plus full adjacent-edge scan; Hard winner indices or Soft probability vectors
128,4,0.04,1,0.05565641195563646,0.05565641195563646,1.4142135623730951,0.1387465008839822,0.0002,0.2734,0.2734,0.1068,16384,N-by-N candidate distances plus full adjacent-edge scan; Hard winner indices or Soft probability vectors
256,0,0.04,1,0.0233371822014951,0.0233371822014951,1.4142135623730951,0.06926872067674812,0.0002,0.9901,0.9901,0.2124,65536,N-by-N candidate distances plus full adjacent-edge scan; Hard winner indices or Soft probability vectors
256,1,0.04,1,0.0237357043727903,0.0237357043727903,1.4142135623730951,0.06926872067674812,0.0002,0.6736,0.6736,0.1924,65536,N-by-N candidate distances plus full adjacent-edge scan; Hard winner indices or Soft probability vectors
256,2,0.04,1,0.021615807140716054,0.021615807140716054,1.4142135623730951,0.06926872067674812,0.0002,0.7952,0.7952,0.1808,65536,N-by-N candidate distances plus full adjacent-edge scan; Hard winner indices or Soft probability vectors
256,3,0.04,1,0.021030348647917366,0.021030348647917366,1.4142135623730951,0.06926872067674812,0.0002,0.6749,0.6749,0.1829,65536,N-by-N candidate distances plus full adjacent-edge scan; Hard winner indices or Soft probability vectors
256,4,0.04,1,0.02227556425744301,0.02227556425744301,1.4142135623730951,0.06926872067674812,0.0002,0.6784,0.6784,0.1847,65536,N-by-N candidate distances plus full adjacent-edge scan; Hard winner indices or Soft probability vectors
512,0,0.04,1,0.006792224792270974,0.006792224792270974,1.4142135623730951,0.03458736668505605,0.0002,2.4222,2.4222,0.3904,262144,N-by-N candidate distances plus full adjacent-edge scan; Hard winner indices or Soft probability vectors
512,1,0.04,1,0.007456557313881664,0.007456557313881664,1.4142135623730951,0.03458736668505605,0.0002,2.196,2.196,0.5276,262144,N-by-N candidate distances plus full adjacent-edge scan; Hard winner indices or Soft probability vectors
512,2,0.04,1,0.007428748206441691,0.007428748206441691,1.4142135623730951,0.03458736668505605,0.0002,2.1572,2.1572,0.4103,262144,N-by-N candidate distances plus full adjacent-edge scan; Hard winner indices or Soft probability vectors
512,3,0.04,1,0.007552020981709819,0.007552020981709819,1.4142135623730951,0.03458736668505605,0.0002,2.1047,2.1047,0.3918,262144,N-by-N candidate distances plus full adjacent-edge scan; Hard winner indices or Soft probability vectors
512,4,0.04,1,0.007314193414891706,0.007314193414891706,1.4142135623730951,0.03458736668505605,0.0002,2.2395,2.2395,0.4421,262144,N-by-N candidate distances plus full adjacent-edge scan; Hard winner indices or Soft probability vectors
1024,0,0.04,1,0.0027344430578445113,0.0027344430578445113,1.4142135623730951,0.017279364423639112,0.0002,8.6386,8.6386,1.1128,1048576,N-by-N candidate distances plus full adjacent-edge scan; Hard winner indices or Soft probability vectors
1024,1,0.04,1,0.0027596034705026817,0.0027596034705026817,1.4142135623730951,0.017279364423639112,0.0002,7.9419,7.9419,1.1404,1048576,N-by-N candidate distances plus full adjacent-edge scan; Hard winner indices or Soft probability vectors
1024,2,0.04,1,0.0024864414081581386,0.0024864414081581386,1.4142135623730951,0.017279364423639112,0.0002,8.7349,8.7349,1.2446,1048576,N-by-N candidate distances plus full adjacent-edge scan; Hard winner indices or Soft probability vectors
1024,3,0.04,1,0.002440329601961999,0.002440329601961999,1.4142135623730951,0.017279364423639112,0.0002,8.1637,8.1637,1.1013,1048576,N-by-N candidate distances plus full adjacent-edge scan; Hard winner indices or Soft probability vectors
1024,4,0.04,1,0.00262194168656233,0.00262194168656233,1.4142135623730951,0.017279364423639112,0.0002,8.36,8.36,1.1236,1048576,N-by-N candidate distances plus full adjacent-edge scan; Hard winner indices or Soft probability vectors
2048,0,0.04,1,0.0009065822357450323,0.0009065822357450323,1.4142135623730951,0.008635783978298974,0.0002,87.2308,87.2308,18.1206,4194304,N-by-N candidate distances plus full adjacent-edge scan; Hard winner indices or Soft probability vectors
2048,1,0.04,1,0.0009344276102012533,0.0009344276102012533,1.4142135623730951,0.008635783978298974,0.0002,84.5599,84.5599,19.8285,4194304,N-by-N candidate distances plus full adjacent-edge scan; Hard winner indices or Soft probability vectors
2048,2,0.04,1,0.0009311801010914266,0.0009311801010914266,1.4142135623730951,0.008635783978298974,0.0002,86.2858,86.2858,17.8621,4194304,N-by-N candidate distances plus full adjacent-edge scan; Hard winner indices or Soft probability vectors
2048,3,0.04,1,0.0009112208901446295,0.0009112208901446295,1.4142135623730951,0.008635783978298974,0.0002,89.7181,89.7181,18.4395,4194304,N-by-N candidate distances plus full adjacent-edge scan; Hard winner indices or Soft probability vectors
2048,4,0.04,1,0.0009109669427400851,0.0009109669427400851,1.4142135623730951,0.008635783978298974,0.0002,88.7171,88.7171,18.218,4194304,N-by-N candidate distances plus full adjacent-edge scan; Hard winner indices or Soft probability vectors
4096,0,0.04,1,0.00033042418785278325,0.00033042418785278325,1.4142135623730951,0.004316877808144876,0.0002,444.8307,444.8307,69.6137,16777216,N-by-N candidate distances plus full adjacent-edge scan; Hard winner indices or Soft probability vectors
4096,1,0.04,1,0.00032276671153604346,0.00032276671153604346,1.4142135623730951,0.004316877808144876,0.0002,392.7422,392.7422,70.8118,16777216,N-by-N candidate distances plus full adjacent-edge scan; Hard winner indices or Soft probability vectors
4096,2,0.04,1,0.00032326739369342364,0.00032326739369342364,1.4142135623730951,0.004316877808144876,0.0002,395.2925,395.2925,70.5961,16777216,N-by-N candidate distances plus full adjacent-edge scan; Hard winner indices or Soft probability vectors
4096,3,0.04,1,0.00030738920835141184,0.00030738920835141184,1.4142135623730951,0.004316877808144876,0.0002,448.299,448.299,72.6818,16777216,N-by-N candidate distances plus full adjacent-edge scan; Hard winner indices or Soft probability vectors
4096,4,0.04,1,0.0003227517027988908,0.0003227517027988908,1.4142135623730951,0.004316877808144876,0.0002,434.59,434.59,71.0975,16777216,N-by-N candidate distances plus full adjacent-edge scan; Hard winner indices or Soft probability vectors
8192,0,0.04,1,0.00011289478419596231,0.00011289478419596231,1.4142135623730951,0.0021581804183431912,0.0002,1678.4835,1678.4835,209.4687,67108864,N-by-N candidate distances plus full adjacent-edge scan; Hard winner indices or Soft probability vectors
8192,1,0.04,1,0.0001141171362021231,0.0001141171362021231,1.4142135623730951,0.0021581804183431912,0.0002,1422.2636,1422.2636,210.9646,67108864,N-by-N candidate distances plus full adjacent-edge scan; Hard winner indices or Soft probability vectors
8192,2,0.04,1,0.00011096803324851348,0.00011096803324851348,1.4142135623730951,0.0021581804183431912,0.0002,1480.2172,1480.2172,211.4116,67108864,N-by-N candidate distances plus full adjacent-edge scan; Hard winner indices or Soft probability vectors
8192,3,0.04,1,0.00011254039451260636,0.00011254039451260636,1.4142135623730951,0.0021581804183431912,0.0002,1477.2559,1477.2559,227.4411,67108864,N-by-N candidate distances plus full adjacent-edge scan; Hard winner indices or Soft probability vectors
8192,4,0.04,1,0.0001083075038170105,0.0001083075038170105,1.4142135623730951,0.0021581804183431912,0.0002,1477.3854,1477.3854,218.3028,67108864,N-by-N candidate distances plus full adjacent-edge scan; Hard winner indices or Soft probability vectors
