study,seed,theta,N,soft_exact,soft_bound,hard_exact
theta,0,1,20,0.2741418140041493,0.27697284709505965,1.4142135623730951
theta,0,2,20,0.5123509679555653,0.5334829017243652,1.4142135623730951
theta,0,4,20,0.7470040520776646,0.9340487895886668,1.4142135623730951
theta,0,8,20,0.8893031512283422,1.3007011006726703,1.4142135623730951
theta,0,16,20,0.9602298104826132,1.4092777212790026,1.4142135623730951
theta,0,32,20,0.987858331901446,1.4142049188041106,1.4142135623730951
theta,1,1,20,0.2519679079735874,0.27697284709505965,1.4142135623730951
theta,1,2,20,0.48845042917860904,0.5334829017243652,1.4142135623730951
theta,1,4,20,0.855410250415282,0.9340487895886668,1.4142135623730951
theta,1,8,20,1.1910194838182375,1.3007011006726703,1.4142135623730951
theta,1,16,20,1.1971458818320624,1.4092777212790026,1.4142135623730951
theta,1,32,20,1.1971458818320624,1.4142049188041106,1.4142135623730951
theta,2,1,20,0.2527807255697681,0.27697284709505965,1.4142135623730951
theta,2,2,20,0.46232412574000564,0.5334829017243652,1.4142135623730951
theta,2,4,20,0.6528997591455701,0.9340487895886668,1.4142135623730951
theta,2,8,20,0.9099611631555563,1.3007011006726703,1.4142135623730951
theta,2,16,20,0.988863001757127,1.4092777212790026,1.4142135623730951
theta,2,32,20,0.9901212379457699,1.4142049188041106,1.4142135623730951
theta,3,1,20,0.26010332871676956,0.27697284709505965,1.4142135623730951
theta,3,2,20,0.4538798491155055,0.5334829017243652,1.4142135623730951
theta,3,4,20,0.7955719078729068,0.9340487895886668,1.4142135623730951
theta,3,8,20,0.9774552039186077,1.3007011006726703,1.4142135623730951
theta,3,16,20,1.0486312815969747,1.4092777212790026,1.4142135623730951
theta,3,32,20,1.0492131649115992,1.4142049188041106,1.4142135623730951
theta,4,1,20,0.25448156673739875,0.27697284709505965,1.4142135623730951
theta,4,2,20,0.48888189033096363,0.5334829017243652,1.4142135623730951
theta,4,4,20,0.8589575515592133,0.9340487895886668,1.4142135623730951
theta,4,8,20,1.0076719233541531,1.3007011006726703,1.4142135623730951
theta,4,16,20,1.0610076568967723,1.4092777212790026,1.4142135623730951
theta,4,32,20,1.1045914321453387,1.4142049188041106,1.4142135623730951
theta,5,1,20,0.25190297463789885,0.27697284709505965,1.4142135623730951
theta,5,2,20,0.4519179153761382,0.5334829017243652,1.4142135623730951
theta,5,4,20,0.7902748451083957,0.9340487895886668,1.4142135623730951
theta,5,8,20,1.1052056422463383,1.3007011006726703,1.4142135623730951
theta,5,16,20,1.1514347875564381,1.4092777212790026,1.4142135623730951
theta,5,32,20,1.1514347875564381,1.4142049188041106,1.4142135623730951
theta,6,1,20,0.23248106511566735,0.27697284709505965,1.4142135623730951
theta,6,2,20,0.4401686311198084,0.5334829017243652,1.4142135623730951
theta,6,4,20,0.7743862864831254,0.9340487895886668,1.4142135623730951
theta,6,8,20,1.020334064796394,1.3007011006726703,1.4142135623730951
theta,6,16,20,1.0542991723517636,1.4092777212790026,1.4142135623730951
theta,6,32,20,1.0841561438444929,1.4142049188041106,1.4142135623730951
theta,7,1,20,0.2578783075419657,0.27697284709505965,1.4142135623730951
theta,7,2,20,0.44884868397848304,0.5334829017243652,1.4142135623730951
theta,7,4,20,0.7945439875468069,0.9340487895886668,1.4142135623730951
theta,7,8,20,0.9214744480522015,1.3007011006726703,1.4142135623730951
theta,7,16,20,1.0163331198234957,1.4092777212790026,1.4142135623730951
theta,7,32,20,1.0163331198234957,1.4142049188041106,1.4142135623730951
theta,8,1,20,0.26181587067809975,0.27697284709505965,1.4142135623730951
theta,8,2,20,0.5176265788628859,0.5334829017243652,1.4142135623730951
theta,8,4,20,0.9065387863276264,0.9340487895886668,1.4142135623730951
theta,8,8,20,1.0061299452656978,1.3007011006726703,1.4142135623730951
theta,8,16,20,1.0624369068749604,1.4092777212790026,1.4142135623730951
theta,8,32,20,1.0624369068749604,1.4142049188041106,1.4142135623730951
theta,9,1,20,0.25050499720663033,0.27697284709505965,1.4142135623730951
theta,9,2,20,0.4810380281614512,0.5334829017243652,1.4142135623730951
theta,9,4,20,0.6844220740906304,0.9340487895886668,1.4142135623730951
theta,9,8,20,0.8715980034811035,1.3007011006726703,1.4142135623730951
theta,9,16,20,0.964218692369235,1.4092777212790026,1.4142135623730951
theta,9,32,20,0.964218692369235,1.4142049188041106,1.4142135623730951
theta,10,1,20,0.27650568173245504,0.27697284709505965,1.4142135623730951
theta,10,2,20,0.5152597417291125,0.5334829017243652,1.4142135623730951
theta,10,4,20,0.9123127529771436,0.9340487895886668,1.4142135623730951
theta,10,8,20,1.0705074467614872,1.3007011006726703,1.4142135623730951
theta,10,16,20,1.0705074467614872,1.4092777212790026,1.4142135623730951
theta,10,32,20,1.1306949820610024,1.4142049188041106,1.4142135623730951
theta,11,1,20,0.24922983796903037,0.27697284709505965,1.4142135623730951
theta,11,2,20,0.4767942256288802,0.5334829017243652,1.4142135623730951
theta,11,4,20,0.7874441102626208,0.9340487895886668,1.4142135623730951
theta,11,8,20,1.1081143680815984,1.3007011006726703,1.4142135623730951
theta,11,16,20,1.1081143680815984,1.4092777212790026,1.4142135623730951
theta,11,32,20,1.1265138951528468,1.4142049188041106,1.4142135623730951
