original_stem,standard_stem,family,procedure,draft_occurrences
exp1_crossover_adult,crossover_adult,crossover,figure02_budget_panels,Figures 7 and 11
fig08_equal_noise_adult,equal_noise_adult,equal_noise,figure08_equal_noise,Figures 2 and 17
fig06_mechanism_adult,mechanism_decomposition_adult,mechanism,figure06_mechanism_panels,Figures 5 and 15
fig05_sweet_adult_rho_0p0001,temperature_sweep_adult_rho_0p0001,temperature_sweep,figure05_sweet_panels,Main/appendix temperature sweeps and Figure 14
fig05_sweet_adult_rho_0p0006,temperature_sweep_adult_rho_0p0006,temperature_sweep,figure05_sweet_panels,Main/appendix temperature sweeps and Figure 14
fig05_sweet_adult_rho_0p003,temperature_sweep_adult_rho_0p003,temperature_sweep,figure05_sweet_panels,Main/appendix temperature sweeps and Figure 14
exp1_crossover_bank,crossover_bank,crossover,figure02_budget_panels,Figures 7 and 11
fig08_equal_noise_bank,equal_noise_bank,equal_noise,figure08_equal_noise,Figures 2 and 17
fig06_mechanism_bank,mechanism_decomposition_bank,mechanism,figure06_mechanism_panels,Figures 5 and 15
fig05_sweet_bank_rho_0p0001,temperature_sweep_bank_rho_0p0001,temperature_sweep,figure05_sweet_panels,Main/appendix temperature sweeps and Figure 14
fig05_sweet_bank_rho_0p0006,temperature_sweep_bank_rho_0p0006,temperature_sweep,figure05_sweet_panels,Main/appendix temperature sweeps and Figure 14
fig05_sweet_bank_rho_0p003,temperature_sweep_bank_rho_0p003,temperature_sweep,figure05_sweet_panels,Main/appendix temperature sweeps and Figure 14
exp1_crossover_xor3,crossover_xor3,crossover,figure02_budget_panels,Figures 7 and 11
fig08_equal_noise_xor3,equal_noise_xor3,equal_noise,figure08_equal_noise,Figures 2 and 17
fig06_mechanism_xor3,mechanism_decomposition_xor3,mechanism,figure06_mechanism_panels,Figures 5 and 15
fig05_sweet_xor3_rho_0p0001,temperature_sweep_xor3_rho_0p0001,temperature_sweep,figure05_sweet_panels,Main/appendix temperature sweeps and Figure 14
fig05_sweet_xor3_rho_0p0006,temperature_sweep_xor3_rho_0p0006,temperature_sweep,figure05_sweet_panels,Main/appendix temperature sweeps and Figure 14
fig05_sweet_xor3_rho_0p003,temperature_sweep_xor3_rho_0p003,temperature_sweep,figure05_sweet_panels,Main/appendix temperature sweeps and Figure 14
fig03_direct_sensitivity,sensitivity_temperature,sensitivity,figure03_direct_sensitivity,Figure 4(a) and Figure 12
fig04_theta_sensitivity,sensitivity_policy_reach,reach,figure04_theta_runtime,Figure 4(b) and Figure 13(left)
fig04_runtime_candidates,calibration_runtime,runtime,figure04_theta_runtime,Figure 4(c) and Figure 13(right)
fig07_xor3_rho_0p03,xor3_temperature_reach_rho_0p03,interaction,figure07_xor_interaction,XOR3 interaction panels in main text and appendices
fig07_xor3_rho_0p18,xor3_temperature_reach_rho_0p18,interaction,figure07_xor_interaction,XOR3 interaction panels in main text and appendices
fig07_xor3_rho_1,xor3_temperature_reach_rho_1,interaction,figure07_xor_interaction,XOR3 interaction panels in main text and appendices
fig09_forecast_adult_rho_0p0001,adult_public_forecast_rho_0p0001,forecast,figure09_forecast_panels,Adult forecast panels and Figure 18
fig09_forecast_adult_rho_0p0006,adult_public_forecast_rho_0p0006,forecast,figure09_forecast_panels,Adult forecast panels and Figure 18
fig09_forecast_adult_rho_0p003,adult_public_forecast_rho_0p003,forecast,figure09_forecast_panels,Adult forecast panels and Figure 18
fig_gen_policy_adult_fixed_tau_0p03,policy_scope_adult_tau_0p03,generalization,new_policy_figures,Figure 19(a)
fig_gen_policy_bank_public_selected,policy_scope_bank_public_selection,generalization,new_policy_figures,Figure 19(b)
fig_gen_xor3_size_x1_fixed_tau_0p03_fixed_budget,xor3_training_size_tau_0p03,generalization,new_size_figures,Figure 19(c)
