dataset,rho,tau,theta,soft_error,hard_error,relative_gain,pilot_scaled_gain,is_map
adult,0.0001,0.0005,1.0,0.7259190960065927,0.7160941930650248,-0.013720126537425721,-0.028484045865357355,True
adult,0.0001,0.0005,2.0,0.7058382134466555,0.7160941930650248,0.014322109741557315,-0.008976850863459451,True
adult,0.0001,0.0005,4.0,0.7322039613852036,0.7160941930650248,-0.022496716879138286,-0.026511795473953992,True
adult,0.0001,0.0005,8.0,0.7322039613852036,0.7160941930650248,-0.022496716879138286,-0.026511795473953992,True
adult,0.0001,0.0005,16.0,0.7322039613852036,0.7160941930650248,-0.022496716879138286,-0.026511795473953992,True
adult,0.0001,0.0005,28.0,0.7322039613852036,0.7160941930650248,-0.022496716879138286,-0.026511795473953992,True
adult,0.0001,0.001,1.0,0.6693991182526156,0.7160941930650248,0.0652080065229199,0.0025907121762026586,True
adult,0.0001,0.001,2.0,0.707483712161927,0.7160941930650248,0.012024229474956686,0.030564562280576912,True
adult,0.0001,0.001,4.0,0.7177276834385173,0.7160941930650248,-0.002281111045602707,0.0027101717430495498,True
adult,0.0001,0.001,8.0,0.7398601809944618,0.7160941930650248,-0.0331883544924641,0.026462499406964657,True
adult,0.0001,0.001,16.0,0.7398601809944618,0.7160941930650248,-0.0331883544924641,0.026462499406964657,True
adult,0.0001,0.001,28.0,0.7398601809944618,0.7160941930650248,-0.0331883544924641,0.026462499406964657,True
adult,0.0001,0.003,1.0,0.4475191717595151,0.7160941930650248,0.37505543810648073,0.23656704413369395,True
adult,0.0001,0.003,2.0,0.606379072679299,0.7160941930650248,0.153213252457925,0.052470956091659526,True
adult,0.0001,0.003,4.0,0.6919599853100751,0.7160941930650248,0.03370256034565857,-0.005616971783376168,True
adult,0.0001,0.003,8.0,0.6936871871353111,0.7160941930650248,0.03129058460006114,-0.008655055033684467,True
adult,0.0001,0.003,16.0,0.7329612786760641,0.7160941930650248,-0.02355428346492362,-0.022102169619982903,True
adult,0.0001,0.003,28.0,0.7329612786760641,0.7160941930650248,-0.02355428346492362,-0.022102169619982903,True
adult,0.0001,0.006,1.0,0.32061718318131566,0.7160941930650248,0.5522695389987584,0.3830213225875319,True
adult,0.0001,0.006,2.0,0.44870872137512025,0.7160941930650248,0.3733942744954289,0.25276943821757286,True
adult,0.0001,0.006,4.0,0.5975001255617489,0.7160941930650248,0.16561238542609846,0.0360154470893822,True
adult,0.0001,0.006,8.0,0.7099251364064453,0.7160941930650248,0.008614867594687079,0.00597093978318608,True
adult,0.0001,0.006,16.0,0.7098056927937474,0.7160941930650248,0.008781666339677103,-0.03540743755337328,True
adult,0.0001,0.006,28.0,0.6615541361479639,0.7160941930650248,0.07616324422855414,-0.004001024468640257,True
adult,0.0001,0.009,1.0,0.2993710556016215,0.7160941930650248,0.5819389983875526,0.4011031199591992,True
adult,0.0001,0.009,2.0,0.3782056474315665,0.7160941930650248,0.47184930265560243,0.33441881048961,True
adult,0.0001,0.009,4.0,0.5662965354234486,0.7160941930650248,0.20918708612956705,0.18442021894866678,True
adult,0.0001,0.009,8.0,0.6368613185679115,0.7160941930650248,0.11064588327127871,0.06926953606841246,True
adult,0.0001,0.009,16.0,0.7079906777199394,0.7160941930650248,0.01131627015490896,0.01806496999240903,True
adult,0.0001,0.009,28.0,0.6788959091502366,0.7160941930650248,0.05194607675223867,-0.008831668386469427,True
adult,0.0001,0.012,1.0,0.3030555971428864,0.7160941930650248,0.5767936675400921,0.36410660700730607,True
adult,0.0001,0.012,2.0,0.3432818906048461,0.7160941930650248,0.5206190834539075,0.36751437369532214,True
adult,0.0001,0.012,4.0,0.4535475992593616,0.7160941930650248,0.3666369541162061,0.2371231260081601,True
adult,0.0001,0.012,8.0,0.6126481148782835,0.7160941930650248,0.14445875862220242,0.06483633705759562,True
adult,0.0001,0.012,16.0,0.6986915546048053,0.7160941930650248,0.024302163917476784,-0.023325638699117524,True
adult,0.0001,0.012,28.0,0.7133680235653012,0.7160941930650248,0.003806998473280522,-0.002279442724641867,True
adult,0.0001,0.015,1.0,0.3219558393730934,0.7160941930650248,0.5504001533721999,0.3757520430069266,True
adult,0.0001,0.015,2.0,0.31622617685748217,0.7160941930650248,0.5584014227179087,0.37249438840259985,True
adult,0.0001,0.015,4.0,0.38893811389298366,0.7160941930650248,0.4568617960323744,0.2684000349890881,True
adult,0.0001,0.015,8.0,0.5801813735463628,0.7160941930650248,0.18979740491530622,0.07887170568839552,True
adult,0.0001,0.015,16.0,0.6811329156685707,0.7160941930650248,0.04882217693570851,0.03166938721652901,True
adult,0.0001,0.015,28.0,0.7325964018321459,0.7160941930650248,-0.02304474596629313,-0.024646662100294203,True
adult,0.0001,0.03,1.0,0.4334681682572221,0.7160941930650248,0.3946771633464969,0.26841219221463136,True
adult,0.0001,0.03,2.0,0.379788437250476,0.7160941930650248,0.4696389931261607,0.33116834643941545,True
adult,0.0001,0.03,4.0,0.3806841963664189,0.7160941930650248,0.46838809746939114,0.3412050256784324,True
adult,0.0001,0.03,8.0,0.48395725526175704,0.7160941930650248,0.32417095411663055,0.19168901668801586,True
adult,0.0001,0.03,16.0,0.6553641258726942,0.7160941930650248,0.08480737280160566,0.05391903732564762,True
adult,0.0001,0.03,28.0,0.7178798650779027,0.7160941930650248,-0.0024936272772090326,-0.030538172205617276,True
adult,0.0001,0.045,1.0,0.4816605429322012,0.7160941930650248,0.327378230969031,0.23861464708463798,True
adult,0.0001,0.045,2.0,0.4019897178523535,0.7160941930650248,0.4386356966089084,0.3002563766130562,True
adult,0.0001,0.045,4.0,0.41199027128375615,0.7160941930650248,0.4246702804272769,0.2932985147428598,True
adult,0.0001,0.045,8.0,0.46829279128406326,0.7160941930650248,0.3460458193639617,0.2500730545473953,True
adult,0.0001,0.045,16.0,0.5881887661742727,0.7160941930650248,0.17861536670656622,0.1038774136540469,True
adult,0.0001,0.045,28.0,0.7372158745559753,0.7160941930650248,-0.029495674864427446,0.029417001731663284,True
adult,0.0001,0.06,1.0,0.5203860815841063,0.7160941930650248,0.27329939744832876,0.23056237546256758,True
adult,0.0001,0.06,2.0,0.4576198426911226,0.7160941930650248,0.36095021140665984,0.25091364515134257,True
adult,0.0001,0.06,4.0,0.4469116328401716,0.7160941930650248,0.3759038445385216,0.3204662444254673,True
adult,0.0001,0.06,8.0,0.478503620657003,0.7160941930650248,0.33178676032979276,0.23556952153904542,True
adult,0.0001,0.06,16.0,0.5763582942092521,0.7160941930650248,0.1951361988534991,0.0898442689059683,True
adult,0.0001,0.06,28.0,0.7129095352391848,0.7160941930650248,0.0044472610680014344,-0.05518012708748454,True
adult,0.0001,0.09,1.0,0.6039725857914645,0.7160941930650248,0.15657382556568095,0.1074089764802163,True
adult,0.0001,0.09,2.0,0.5639386977151281,0.7160941930650248,0.21247972239328053,0.15939349529129887,True
adult,0.0001,0.09,4.0,0.5172821471666871,0.7160941930650248,0.2776339311555967,0.17012028240345378,True
adult,0.0001,0.09,8.0,0.5365845508824192,0.7160941930650248,0.25067881281688487,0.18287454632792477,True
adult,0.0001,0.09,16.0,0.6067166378434474,0.7160941930650248,0.15274185474597937,0.09835440091564662,True
adult,0.0001,0.09,28.0,0.7233309444610794,0.7160941930650248,-0.010105865214574485,-0.01733846457206578,True
adult,0.0006,0.0005,1.0,0.4635726852171755,0.4585391586307148,-0.010977310207249772,0.06251871767957107,True
adult,0.0006,0.0005,2.0,0.46671354438583834,0.4585391586307148,-0.017827017826642762,0.006542181124869484,True
adult,0.0006,0.0005,4.0,0.4578312262952215,0.4585391586307148,0.001543886322833022,-0.015898166927602264,True
adult,0.0006,0.0005,8.0,0.4578312262952215,0.4585391586307148,0.001543886322833022,-0.015898166927602264,True
adult,0.0006,0.0005,16.0,0.4578312262952215,0.4585391586307148,0.001543886322833022,-0.015898166927602264,True
adult,0.0006,0.0005,28.0,0.4578312262952215,0.4585391586307148,0.001543886322833022,-0.015898166927602264,True
adult,0.0006,0.001,1.0,0.4092874266783367,0.4585391586307148,0.10741008924832764,0.041907290777113526,True
adult,0.0006,0.001,2.0,0.4406312580935344,0.4585391586307148,0.03905424476866238,0.0059265362581838454,True
adult,0.0006,0.001,4.0,0.45431331399202546,0.4585391586307148,0.009215886057165836,0.0017932278323369855,True
adult,0.0006,0.001,8.0,0.4729841181182564,0.4585391586307148,-0.03150212847835503,-0.01773498286127717,True
adult,0.0006,0.001,16.0,0.4729841181182565,0.4585391586307148,-0.031502128478355276,-0.01773498286127717,True
adult,0.0006,0.001,28.0,0.4729841181182565,0.4585391586307148,-0.031502128478355276,-0.01773498286127717,True
adult,0.0006,0.003,1.0,0.28804195889764145,0.4585391586307148,0.37182691275966584,0.17759389974143658,True
adult,0.0006,0.003,2.0,0.37328498646172426,0.4585391586307148,0.18592560867336988,0.0951398525714014,True
adult,0.0006,0.003,4.0,0.44211329060714943,0.4585391586307148,0.035822170722814926,0.04400900820760989,True
adult,0.0006,0.003,8.0,0.4447254068520566,0.4585391586307148,0.030125566200079237,0.03227087336322226,True
adult,0.0006,0.003,16.0,0.4555627333689065,0.4585391586307148,0.006491103771151137,0.03276120243856151,True
adult,0.0006,0.003,28.0,0.4555627333689065,0.4585391586307148,0.006491103771151137,0.03276120243856151,True
adult,0.0006,0.006,1.0,0.25594794401833426,0.4585391586307148,0.44181878646385725,0.21803242717525384,True
adult,0.0006,0.006,2.0,0.2931208196734947,0.4585391586307148,0.3607507359920814,0.1566177190079704,True
adult,0.0006,0.006,4.0,0.3762880076213582,0.4585391586307148,0.17937650353565043,0.06799065524480497,True
adult,0.0006,0.006,8.0,0.444453153791229,0.4585391586307148,0.03071930624540179,0.0423152991270519,True
adult,0.0006,0.006,16.0,0.45312025744477197,0.4585391586307148,0.011817750096032623,-0.0015766587199925186,True
adult,0.0006,0.006,28.0,0.44367573062542226,0.4585391586307148,0.03241474086897525,0.005682984035487171,True
adult,0.0006,0.009,1.0,0.2907773575857851,0.4585391586307148,0.36586144909825885,0.20208711393395956,True
adult,0.0006,0.009,2.0,0.28686451759336035,0.4585391586307148,0.37439472247039407,0.19944591961998293,True
adult,0.0006,0.009,4.0,0.3193837029487337,0.4585391586307148,0.303475620484684,0.10100949449663155,True
adult,0.0006,0.009,8.0,0.4001708719455705,0.4585391586307148,0.1272918257612788,0.03944148668042502,True
adult,0.0006,0.009,16.0,0.4461035870032553,0.4585391586307148,0.027119977418274353,0.03502329887797706,True
adult,0.0006,0.009,28.0,0.4648464491777225,0.4585391586307148,-0.013755184106505652,0.011998329122781981,True
adult,0.0006,0.012,1.0,0.30552589259208074,0.4585391586307148,0.33369727134223565,0.17269653934196794,True
adult,0.0006,0.012,2.0,0.28920769576756133,0.4585391586307148,0.3692846285338191,0.18313607493595213,True
adult,0.0006,0.012,4.0,0.3268957824688287,0.4585391586307148,0.28709298580953974,0.16958933040373847,True
adult,0.0006,0.012,8.0,0.3693184388307946,0.4585391586307148,0.1945760097487644,0.11990111876126763,True
adult,0.0006,0.012,16.0,0.4535900823173229,0.4585391586307148,0.010793137772945726,0.03836268117231234,True
adult,0.0006,0.012,28.0,0.4479870212338513,0.4585391586307148,0.02301251092354728,0.024441916631084526,True
adult,0.0006,0.015,1.0,0.33429123351862083,0.4585391586307148,0.2709646990305516,0.14520905238874654,True
adult,0.0006,0.015,2.0,0.3311045882982208,0.4585391586307148,0.2779142586492239,0.14052755687209412,True
adult,0.0006,0.015,4.0,0.308541757838892,0.4585391586307148,0.3271201553205262,0.13619098556551856,True
adult,0.0006,0.015,8.0,0.3407466869292939,0.4585391586307148,0.25688639559851695,0.11642066817297653,True
adult,0.0006,0.015,16.0,0.4318767210756915,0.4585391586307148,0.05814647899351148,0.05152547235268995,True
adult,0.0006,0.015,28.0,0.4497855573278156,0.4585391586307148,0.019090193581370728,-0.0028496462543884937,True
adult,0.0006,0.03,1.0,0.5064028654310752,0.4585391586307148,-0.10438303010650274,-0.02542924642992689,True
adult,0.0006,0.03,2.0,0.4228654302753209,0.4585391586307148,0.07779865183580491,0.0306723835278489,True
adult,0.0006,0.03,4.0,0.3847969474579264,0.4585391586307148,0.16081987717907598,0.09519923024006066,True
adult,0.0006,0.03,8.0,0.3850130296306533,0.4585391586307148,0.16034863678736733,0.12045360535866784,True
adult,0.0006,0.03,16.0,0.433066262693733,0.4585391586307148,0.05555228044873798,0.08238088142850364,True
adult,0.0006,0.03,28.0,0.45961683432759043,0.4585391586307148,-0.0023502370006822483,-0.017452290302685247,True
adult,0.0006,0.045,1.0,0.6006853072280061,0.4585391586307148,-0.3099978397085359,-0.06241990315732043,True
adult,0.0006,0.045,2.0,0.4828393198296071,0.4585391586307148,-0.0529947350002935,0.01382932589666952,True
adult,0.0006,0.045,4.0,0.42821660009494705,0.4585391586307148,0.06612861293311718,0.038896635413701475,True
adult,0.0006,0.045,8.0,0.41890642034810516,0.4585391586307148,0.08643261439428762,0.05794278246275725,True
adult,0.0006,0.045,16.0,0.43048471713577174,0.4585391586307148,0.06118221523047011,0.04395226213350406,True
adult,0.0006,0.045,28.0,0.5038878556036689,0.4585391586307148,-0.09889819902922557,-0.012628058580036128,True
adult,0.0006,0.06,1.0,0.672592865309512,0.4585391586307148,-0.46681663419543556,-0.08870797602950958,True
adult,0.0006,0.06,2.0,0.5222824078872612,0.4585391586307148,-0.13901375282079695,-0.0006318421458392787,True
adult,0.0006,0.06,4.0,0.4594173111103433,0.4585391586307148,-0.0019151090219880007,0.022885532308568046,True
adult,0.0006,0.06,8.0,0.43522268975979156,0.4585391586307148,0.050849460579442486,0.021226182216054656,True
adult,0.0006,0.06,16.0,0.44929611843048134,0.4585391586307148,0.02015758093122287,0.04362097773745133,True
adult,0.0006,0.06,28.0,0.5182186698644126,0.4585391586307148,-0.13015139516527252,-0.017070894415978866,True
adult,0.0006,0.09,1.0,0.6743381176358434,0.4585391586307148,-0.4706227482284072,-0.2517442282830438,True
adult,0.0006,0.09,2.0,0.6068626773539708,0.4585391586307148,-0.32346968831664946,-0.16131485583309607,True
adult,0.0006,0.09,4.0,0.5406204293923899,0.4585391586307148,-0.179006022095878,-0.07143522719185885,True
adult,0.0006,0.09,8.0,0.5252200569618471,0.4585391586307148,-0.14542029197736173,-0.06569586772938613,True
adult,0.0006,0.09,16.0,0.5384968203286551,0.4585391586307148,-0.17437477300021456,-0.09500174945440737,True
adult,0.0006,0.09,28.0,0.5920710994602605,0.4585391586307148,-0.2912116409606051,-0.06106585509773238,True
adult,0.003,0.0005,1.0,0.2897526057661794,0.3061896983702885,0.05368270941705881,0.028699095324508928,True
adult,0.003,0.0005,2.0,0.3170540606509633,0.3061896983702885,-0.03548245528344356,0.00675900969019827,True
adult,0.003,0.0005,4.0,0.3041161780475196,0.3061896983702885,0.006772012036346384,0.006003593794477624,True
adult,0.003,0.0005,8.0,0.3041161780475196,0.3061896983702885,0.006772012036346384,0.006003593794477624,True
adult,0.003,0.0005,16.0,0.3041161780475196,0.3061896983702885,0.006772012036346384,0.006003593794477624,True
adult,0.003,0.0005,28.0,0.3041161780475196,0.3061896983702885,0.006772012036346384,0.006003593794477624,True
adult,0.003,0.001,1.0,0.2676826531565424,0.3061896983702885,0.12576205345477645,0.024911304144131285,True
adult,0.003,0.001,2.0,0.29730037841272033,0.3061896983702885,0.029032067391169713,0.02379365481781953,True
adult,0.003,0.001,4.0,0.31087653857128966,0.3061896983702885,-0.015306981998242104,0.004676306456969315,True
adult,0.003,0.001,8.0,0.3134175884658497,0.3061896983702885,-0.023605921864883382,0.013263829585349607,True
adult,0.003,0.001,16.0,0.3134175884658497,0.3061896983702885,-0.023605921864883382,0.013263829585349607,True
adult,0.003,0.001,28.0,0.3134175884658497,0.3061896983702885,-0.023605921864883382,0.013263829585349607,True
adult,0.003,0.003,1.0,0.24035970481952376,0.3061896983702885,0.21499741467837905,0.06564861022155805,True
adult,0.003,0.003,2.0,0.2570652076551399,0.3061896983702885,0.16043809108084425,0.046782820061201214,True
adult,0.003,0.003,4.0,0.29102806521021435,0.3061896983702885,0.04951712366801612,-0.0007069723171079234,True
adult,0.003,0.003,8.0,0.2956544598253588,0.3061896983702885,0.034407553882459294,0.015027405648069037,True
adult,0.003,0.003,16.0,0.29779024917849023,0.3061896983702885,0.027432174356305187,0.01077122770186928,True
adult,0.003,0.003,28.0,0.29779024917849023,0.3061896983702885,0.027432174356305187,0.01047478413511721,True
adult,0.003,0.006,1.0,0.24499152178280406,0.3061896983702885,0.1998701357792737,0.06493585580937472,True
adult,0.003,0.006,2.0,0.25896062623482385,0.3061896983702885,0.15424775028958831,0.06381980026567985,True
adult,0.003,0.006,4.0,0.2799173019931208,0.3061896983702885,0.08580431189228095,0.04870651567985579,True
adult,0.003,0.006,8.0,0.28338696899376575,0.3061896983702885,0.07447255573225195,0.005985691538571036,True
adult,0.003,0.006,16.0,0.30215747474689314,0.3061896983702885,0.013169037511245705,0.012146884488566267,True
adult,0.003,0.006,28.0,0.285002768756526,0.3061896983702885,0.0691954357920304,0.006680173047727445,True
adult,0.003,0.009,1.0,0.274916781351729,0.3061896983702885,0.10213575827342108,0.05185471818958154,True
adult,0.003,0.009,2.0,0.2679396988501423,0.3061896983702885,0.12492255527777033,0.05550021794050669,True
adult,0.003,0.009,4.0,0.2790264573800238,0.3061896983702885,0.08871376514246732,0.016057063348040634,True
adult,0.003,0.009,8.0,0.30753175352660567,0.3061896983702885,-0.004383083962198443,0.0257950380728722,True
adult,0.003,0.009,16.0,0.2962037085022419,0.3061896983702885,0.03261373560638236,0.01018160226302306,True
adult,0.003,0.009,28.0,0.3191092345627828,0.3061896983702885,-0.04219454887365333,0.02151558348752247,True
adult,0.003,0.012,1.0,0.3052765685461581,0.3061896983702885,0.0029822356173005537,0.021245641189866216,True
adult,0.003,0.012,2.0,0.3112459740264725,0.3061896983702885,-0.016513539427016506,-0.0008713172502135547,True
adult,0.003,0.012,4.0,0.30266925883698786,0.3061896983702885,0.0114975766723647,0.026193483727108835,True
adult,0.003,0.012,8.0,0.31961980702198883,0.3061896983702885,-0.04386205258760451,0.001844896040895716,True
adult,0.003,0.012,16.0,0.3217339629655222,0.3061896983702885,-0.05076677849701976,0.004903031300407978,True
adult,0.003,0.012,28.0,0.31338681783981326,0.3061896983702885,-0.023505426563440398,-0.0045757498932536556,True
adult,0.003,0.015,1.0,0.3484038502510595,0.3061896983702885,-0.13786927550292577,-0.03803017364076294,True
adult,0.003,0.015,2.0,0.32767906384998874,0.3061896983702885,-0.07018317596600601,-0.003637011931872103,True
adult,0.003,0.015,4.0,0.31949264576039554,0.3061896983702885,-0.04344675036721594,0.00010619039994308466,True
adult,0.003,0.015,8.0,0.33907368459272563,0.3061896983702885,-0.10739742844865122,-0.0061308369508492055,True
adult,0.003,0.015,16.0,0.3263533957015335,0.3061896983702885,-0.06585361113900108,-0.020868433615618243,True
adult,0.003,0.015,28.0,0.34583307741129743,0.3061896983702885,-0.12947326200722303,-0.04478117735316445,True
adult,0.003,0.03,1.0,0.5978141738900661,0.3061896983702885,-0.9524307221045154,-0.22860198577901136,True
adult,0.003,0.03,2.0,0.4842792811597875,0.3061896983702885,-0.5816315301833819,-0.1668897591683272,True
adult,0.003,0.03,4.0,0.42430084499058207,0.3061896983702885,-0.38574500464563855,-0.10231458007163868,True
adult,0.003,0.03,8.0,0.38731957096590097,0.3061896983702885,-0.264966042382976,-0.06304299803112251,True
adult,0.003,0.03,16.0,0.36142051685374565,0.3061896983702885,-0.18038104736190097,-0.059026962354113255,True
adult,0.003,0.03,28.0,0.34536400830850894,0.3061896983702885,-0.12794130614690136,-0.04041699283613248,True
adult,0.003,0.045,1.0,0.6583249878756935,0.3061896983702885,-1.1500559665451335,-0.31232246002941455,True
adult,0.003,0.045,2.0,0.5862510564781545,0.3061896983702885,-0.9146661680602188,-0.26794602933153056,True
adult,0.003,0.045,4.0,0.49773967658492513,0.3061896983702885,-0.6255924978344208,-0.1423909111395768,True
adult,0.003,0.045,8.0,0.44011200028023456,0.3061896983702885,-0.4373834345921986,-0.09658107683366551,True
adult,0.003,0.045,16.0,0.4012277659733739,0.3061896983702885,-0.31038950072105875,-0.04966248873232754,True
adult,0.003,0.045,28.0,0.41057300703913563,0.3061896983702885,-0.34091058329014023,-0.07418768977132556,True
adult,0.003,0.06,1.0,0.7386648931269577,0.3061896983702885,-1.412442015712946,-0.3989091113957681,True
adult,0.003,0.06,2.0,0.6435879013817231,0.3061896983702885,-1.1019253907210305,-0.34274335948619417,True
adult,0.003,0.06,4.0,0.5206527043601437,0.3061896983702885,-0.7004252825334959,-0.20589844120647127,True
adult,0.003,0.06,8.0,0.4728217595791618,0.3061896983702885,-0.5442118467596448,-0.1041037678503654,True
adult,0.003,0.06,16.0,0.4316558283684458,0.3061896983702885,-0.40976600671400015,-0.13967158441265776,True
adult,0.003,0.06,28.0,0.4545678084628299,0.3061896983702885,-0.4845953697406937,-0.07757933330961186,True
adult,0.003,0.09,1.0,0.6951338624201523,0.3061896983702885,-1.2702718808635318,-0.37348334904877123,True
adult,0.003,0.09,2.0,0.7073650723043731,0.3061896983702885,-1.3102183909823308,-0.30890850353449095,True
adult,0.003,0.09,4.0,0.5920407766977868,0.3061896983702885,-0.9335751001714179,-0.3011485612961382,True
adult,0.003,0.09,8.0,0.5597323151475134,0.3061896983702885,-0.828057306064572,-0.21431113008824365,True
adult,0.003,0.09,16.0,0.5180834510574698,0.3061896983702885,-0.6920342317687286,-0.2167748956257709,True
adult,0.003,0.09,28.0,0.5237177946110497,0.3061896983702885,-0.7104357115819588,-0.20301899492361708,True
